<annotation>
	<folder>images</folder>
	<filename>WhatsApp Image 2023-06-30 at 16.44.49.jpeg</filename>
	<path>C:\Users\USER_1\Documents\Custom Object\images\WhatsApp Image 2023-06-30 at 16.44.49.jpeg</path>
	<source>
		<database>Unknown</database>
	</source>
	<size>
		<width>736</width>
		<height>981</height>
		<depth>3</depth>
	</size>
	<segmented>0</segmented>
	<object>
		<name>bendera</name>
		<pose>Unspecified</pose>
		<truncated>0</truncated>
		<difficult>0</difficult>
		<bndbox>
			<xmin>529</xmin>
			<ymin>716</ymin>
			<xmax>611</xmax>
			<ymax>778</ymax>
		</bndbox>
	</object>
	<object>
		<name>logo_madrasah</name>
		<pose>Unspecified</pose>
		<truncated>1</truncated>
		<difficult>0</difficult>
		<bndbox>
			<xmin>491</xmin>
			<ymin>881</ymin>
			<xmax>590</xmax>
			<ymax>981</ymax>
		</bndbox>
	</object>
	<object>
		<name>dasi</name>
		<pose>Unspecified</pose>
		<truncated>1</truncated>
		<difficult>0</difficult>
		<bndbox>
			<xmin>301</xmin>
			<ymin>557</ymin>
			<xmax>436</xmax>
			<ymax>981</ymax>
		</bndbox>
	</object>
</annotation>
